{"name":"доц. Орловський І. В.","опитаних":53,"курс":{"1":34,"2":19,"3":0,"4":0,"5":0,"6":0},"доступність_матеріалів":3.660377358490566,"перелік_питань":3.320754716981133,"відповідність_завдань":3.90566037735849,"РСО":3.7547169811320753,"перенесення":3.981132075471698,"організація_часу":3.943396226415094,"викладача_чути":98.11320754716984,"змістовна_якість":3.7547169811320753,"вимогливість":3.8679245283018866,"коректність":3.867924528301887,"списування":3.7735849056603774,"інформування":3.660377358490566,"задоволення":3.8679245283018866,"задоволення_відповіді":{"0":0,"1":0,"2":1,"3":5,"4":47},"самооцінка":4.301886792452833,"самооцінка_відповіді":{"1":0,"2":0,"3":9,"4":19,"5":25},"оцінка_заліковка":2.67924528301887,"подовження_контракту":98.11320754716984,"CORR_оцінка_самооцінка":0.439095259,"confidenceInt":0.08983382659801696}