{
  "name": "доц. Ліхоузова Т. А.",
  "опитаних": 28,
  "курс": {
    "1": 28,
    "2": 0,
    "3": 0,
    "4": 0,
    "5": 0,
    "6": 0
  },
  "доступність_матеріалів": 3.9999999999999987,
  "перелік_питань": 3.8571428571428563,
  "відповідність_завдань": 3.9999999999999987,
  "РСО": 3.9999999999999987,
  "перенесення": 3.857142857142856,
  "організація_часу": 3.892857142857142,
  "викладача_чути": 99.99999999999997,
  "змістовна_якість": 3.8214285714285703,
  "вимогливість": 3.035714285714286,
  "коректність": 3.9999999999999987,
  "списування": 32.142857142857146,
  "інформування": 3.964285714285713,
  "задоволення": 3.964285714285713,
  "задоволення_відповіді": {
    "0": 0,
    "1": 0,
    "2": 0,
    "3": 1,
    "4": 27
  },
  "самооцінка": 4.607142857142857,
  "самооцінка_відповіді": {
    "1": 0,
    "2": 1,
    "3": 2,
    "4": 4,
    "5": 21
  },
  "оцінка_заліковка": 3.57142857142857,
  "подовження_контракту": 99.99999999999997,
  "CORR_оцінка_самооцінка": 0.339484608,
  "confidenceInt": 0.06338947799646792
}
